"","follower_count","following_count","like_count","retweet_count","Num_Syllables","Avg_Syllables","Avg_Words_in_Sentences","Flesh.Kincaid","Num_Big_words","Num_Long_Sentences","Num_Sentences","Num_Short_Sentences","Num_Urls","Num_words","Rate_Adv_adj","class","polarity","subjectibity"
"1",4265003,518,62,19,38,1.7826086957,22,14.4147826087,5,0,1,0,1,23,0.0434782609,"real",0.1,0.95
"2",12616790,61,35,15,37,2.2272727273,11,14.9818181818,8,0,2,0,1,22,0.1363636364,"real",0.0625,0.625
"3",210973,263,0,4,19,2.2222222222,8,14.1422222222,4,0,1,1,1,9,0,"real",0,0
"4",1113108,1736,64,17,33,1.5294117647,8,5.7720588235,5,0,2,1,1,17,0.0588235294,"real",0,0
"5",1113108,1736,9,0,10,1.6363636364,5,5.8640909091,4,0,2,1,1,11,0.0909090909,"real",0,0
"6",1113108,1736,27,5,38,2,4.6666666667,9.96,7,0,3,2,1,15,0.0666666667,"real",-0.0625,0.0625
"7",1113108,1736,5,5,29,1.7368421053,18,12.3147368421,5,0,1,0,1,19,0.1578947368,"real",0,0
"8",7041608,4594,173,67,19,2.15,19,17.58,7,0,1,0,1,20,0.05,"real",0,0
"9",210973,263,2,5,26,2.25,3.5,12.52,4,0,2,1,1,8,125,"real",0,0
"10",1113108,1736,9,3,21,2,5.5,10.35,4,0,2,1,1,12,0.0833333333,"real",0.3,0
"11",1113108,1736,18,10,35,2.3333333333,17,18.9633333333,9,0,1,0,1,18,0.0555555556,"real",0.55,0.95
"12",1113108,1736,10,4,30,2,17,15.03,8,0,1,0,1,18,0.0555555556,"real",0,0
"13",4265003,518,26,3,45,2.2777777778,17,18.3077777778,8,0,1,0,1,18,0.1666666667,"real",-0.1,0.2
"14",1113108,1736,9,3,24,2.6,9,18.99,3,0,1,0,1,10,0,"real",0,0
"15",831684,176,6,0,42,2.8666666667,14,24.0866666667,9,0,1,0,1,15,0.1333333333,"real",0.357142857142857,0.571428571428571
"16",1113108,1736,12,1,18,2.2631578947,18,18.5252631579,9,0,1,0,1,19,0.1052631579,"real",0,0
"17",831715,177,178,40,50,1.9473684211,18,14.7989473684,6,0,1,0,1,19,0.0526315789,"real",0,0.75
"18",428743,852,3,0,42,2,19,15.81,9,0,1,0,1,20,0.1,"real",0.357142857142857,0.571428571428571
"19",210973,263,8,9,20,2.3076923077,9.3333333333,15.0207692308,5,0,3,2,0,26,0.1153846154,"real",-0.1,0.1
"20",210973,263,16,10,19,1.8888888889,8,10.2088888889,3,0,1,1,1,9,0.1111111111,"real",0.0625,0.5
"21",12616790,61,58,15,40,2.1666666667,17,16.9966666667,8,0,1,0,1,18,0.0555555556,"real",0.2,0.55
"22",1588946,490,6,1,47,1.9545454545,10.5,11.7636363636,6,0,2,1,1,22,0.0909090909,"real",0,0
"23",4265003,518,16,3,46,2.4166666667,5.5,15.2666666667,2,0,2,1,1,12,0.0833333333,"real",0,0.4
"24",26341736,71,152,68,19,2.4375,15,19.4125,10,0,1,0,1,16,0,"real",0,0
"25",4264958,518,18,5,43,1.7826086957,11,9.9297826087,5,0,2,1,1,23,0.0434782609,"real",0,0
"26",1113108,1736,8,6,37,2.7692307692,12,22.1569230769,5,0,1,0,1,13,0,"real",-0.8,1
"27",210973,263,5,11,23,2.1111111111,8,12.8311111111,3,0,1,1,1,9,0.1111111111,"real",0,0
"28",1113108,1736,7,2,38,2.0666666667,13,14.6466666667,7,0,1,0,2,15,0.0666666667,"real",0.1,0.383333333333333
"29",26341731,71,581,415,21,2.6,20,22.89,8,0,1,0,0,20,0.1,"real",0,0
"30",1113108,1736,13,3,18,2.2941176471,4.25,13.1380882353,5,0,4,4,1,17,0.1176470588,"real",0,0.0666666666666667
"31",4265003,518,12,3,39,1.7894736842,18,12.9357894737,9,0,1,0,1,19,0.1052631579,"real",0,0.125
"32",1113109,1736,3,0,19,2.5,3.5,15.47,3,0,2,2,1,8,0,"real",0,0
"33",12616790,61,83,46,35,2.1538461538,12,14.8953846154,6,0,1,0,1,13,0.0769230769,"real",0,0.333333333333333
"34",12616790,61,37,20,30,2.6923076923,11,21.2492307692,6,0,1,0,2,13,0.2307692308,"real",0,0
"35",1113108,1736,3,1,15,1.8571428571,6,9.0542857143,3,0,1,1,1,7,0,"real",-0.025,0.7
"36",7041608,4594,267,81,25,1.7272727273,10.5,9.0818181818,5,0,2,1,1,22,0.1363636364,"real",-0.308333333333333,0.666666666666667
"37",428743,852,17,3,37,2.2631578947,18,18.5252631579,7,0,1,0,1,19,0.1052631579,"real",-0.0625,0.375
"38",12616790,61,18,8,40,2.1,19,16.99,8,0,1,0,1,20,0.15,"real",0,0.1
"39",7041608,4594,760,164,45,2.2222222222,17,17.6522222222,9,0,1,0,1,18,0,"real",0.101010101010101,0.45
"40",12616790,61,36,12,34,3,5,21.76,8,0,3,3,1,15,0.2,"real",0.466666666666667,0.616666666666667
"41",4265003,518,40,10,46,2.1052631579,18,16.6621052632,6,0,1,0,1,19,0.1578947368,"real",0.125,0.375
"42",4265003,518,22,1,40,2.4666666667,7,16.4416666667,8,0,2,1,1,15,0.2,"real",1,1
"43",428743,852,10,3,44,2.5,1.75,14.69,3,0,4,4,1,8,125,"real",0,0.5
"44",12616791,61,196,60,13,1625,7,6705,2,0,1,1,1,8,0,"real",0.136363636363636,0.5
"45",4265003,518,26,1,38,2.2941176471,16,18.1105882353,7,0,1,0,1,17,0.0588235294,"real",0,0
"46",1113108,1736,30,2,34,2,21,16.59,8,0,1,0,1,22,0,"real",0,0
"47",7041608,4594,75,8,44,2.2222222222,9,14.1422222222,10,0,2,1,1,18,0.0555555556,"real",0.116071428571429,0.473214285714286
"48",1113108,1736,11,4,18,2.2,9,14.27,5,0,1,0,1,10,0,"real",0,0
"49",4265003,518,36,13,43,1.8947368421,18,14.1778947368,8,0,1,0,1,19,0.1052631579,"real",0,0
"50",831685,176,30,5,37,1.7692307692,12,10.3569230769,3,0,1,0,1,13,0.0769230769,"real",0,0
"51",831684,176,51,8,48,2.1052631579,18,16.6621052632,7,0,1,0,1,19,0.0526315789,"real",0,0
"52",12616689,61,22,11,19,1.5833333333,10,7.7733333333,4,0,1,0,2,12,0.0833333333,"real",0,0.05
"53",4265003,518,47,8,41,2.4615384615,6,15.9911538462,7,0,2,1,1,13,0.0769230769,"real",0.357142857142857,0.571428571428571
"54",12616791,61,22,4,37,2.3125,15,17.9375,7,0,1,0,1,16,0,"real",0.357142857142857,0.571428571428571
"55",12616791,61,91,32,39,1.8571428571,20,14.5142857143,6,0,1,0,1,21,0.1428571429,"real",-0.075,0.591666666666667
"56",831684,176,23,4,32,1.7826086957,22,14.4147826087,5,0,1,0,1,23,0,"real",0,0.0625
"57",831684,176,19,4,48,2.5,19,21.71,8,0,1,0,1,20,0.1,"real",0,0
"58",7041608,4594,115,17,36,1.7619047619,20,13.3904761905,6,0,1,0,1,21,0.0476190476,"real",0,0
"59",4265003,518,20,8,49,2.4285714286,6.5,15.7971428571,3,0,2,0,1,14,0,"real",0,0
"60",1113108,1736,5,0,22,2.05,19,16.4,8,0,1,0,1,20,0.15,"real",0,0.1
"61",1113108,1736,3,1,41,2.1666666667,5,12.3166666667,1,0,1,1,1,6,0,"real",0.175,0.375
"62",1113108,1736,13,5,46,1.5,10.5,6.4,6,0,2,0,1,22,0.0454545455,"real",0.116071428571429,0.348214285714286
"63",1113108,1736,19,7,38,2,10,12.3,4,0,1,0,1,11,0.0909090909,"real",0.166666666666667,0.166666666666667
"64",1113108,1736,2,2,26,2.5555555556,9,18.0755555556,6,0,2,1,1,18,0.0555555556,"real",0,0
"65",4265003,518,148,39,43,2.0454545455,21,17.1263636364,7,0,1,0,1,22,0.1818181818,"real",0.166666666666667,0.208333333333333
"66",1113108,1736,11,4,38,2.6666666667,4,17.6316666667,4,0,2,2,1,9,0.1111111111,"real",-0.0518518518518519,0.42962962962963
"67",4265003,518,41,16,22,2.2666666667,7,14.0816666667,6,0,2,1,1,15,0.0666666667,"real",-0.4,0.7
"68",428743,852,4,2,40,2.0909090909,7.6666666667,11.9427272727,7,0,3,2,1,22,0.0454545455,"real",0.166666666666667,0.166666666666667
"69",831684,176,24,8,41,2.2631578947,18,18.5252631579,9,0,1,0,1,19,0.1052631579,"real",0.119047619047619,0.31547619047619
"70",1113109,1736,13,4,43,1.4444444444,4,3.2094444444,0,0,2,2,1,9,0,"real",0,0.1
"71",831684,176,30,6,45,1.9,9,10.73,6,0,1,0,1,10,0,"real",0.25,0.45
"72",7041608,4594,130,21,21,1.75,9.5,8.96,6,0,2,1,1,20,0.05,"real",0.1,0.1
"73",12616791,61,57,22,50,1.7619047619,20,13.3904761905,5,0,1,0,1,21,0.0952380952,"real",-0.533333333333333,0.716666666666667
"74",1113108,1736,21,14,26,1.75,5.5,7.4,3,0,2,1,1,12,0.0833333333,"real",0,0
"75",1113108,1736,7,3,34,1.9230769231,4,8.7923076923,2,0,3,2,1,13,0.0769230769,"real",-0.65,0.75
"76",1113108,1736,13,3,40,2.2352941176,8,14.1014705882,8,0,2,1,1,17,0.2352941176,"real",0,0
"77",428743,852,15,3,22,3.1111111111,17,28.1411111111,8,0,1,0,1,18,0.1111111111,"real",-0.8,1
"78",831684,176,0,165,56,2.1111111111,8,12.8311111111,3,0,1,1,1,9,0.1111111111,"real",0,0.166666666666667
"79",428743,852,6,1,39,2.3684210526,18,19.7673684211,9,0,1,0,1,19,0.1052631579,"real",0.05,0.271428571428571
"80",4265003,518,50,12,41,2.5,15,20.15,9,0,1,0,1,16,125,"real",-0.875,0.666666666666667
"81",210973,263,462,239,18,1.7692307692,12,10.3569230769,2,0,1,0,1,13,0.1538461538,"real",0,0
"82",12616791,61,63,11,47,2.2380952381,7.3333333333,13.5495238095,8,0,3,3,1,21,0.0952380952,"real",0,0
"83",210973,263,4,1,16,2.2,9,14.27,5,0,1,0,1,10,0,"real",-0.1,0.3
"84",1113108,1736,17,4,47,2.2857142857,6,14.1114285714,3,0,1,1,1,7,0.1428571429,"real",0.0625,0.291666666666667
"85",831684,176,60,8,34,2.3333333333,11,16.6233333333,5,0,1,0,1,12,0,"real",0.1,0.2
"86",26341732,71,0,123,60,1.8181818182,10,10.1545454545,1,0,1,0,1,11,0.0909090909,"real",0.5,0.5
"87",1113108,1736,9,2,44,3.4,9,28.43,4,0,1,0,1,10,0.1,"real",-0.8,1
"88",12616790,61,75,22,28,2,19,15.81,8,0,1,0,1,20,0.05,"real",0,0
"89",210973,263,5,5,20,4.4375,5.6666666667,38.8525,10,0,3,3,0,16,125,"real",-0.1,0.1
"90",1113108,1736,18,8,38,1.9166666667,10,11.7066666667,6,0,1,0,2,12,0,"real",0.225,0.8
"91",1113108,1736,6,4,32,2375,7.5,15555,6,0,2,1,1,16,0.0625,"real",-0.05,0.4
"92",1113108,1736,3,0,14,1.5555555556,8,6.2755555556,0,0,1,1,1,9,0,"real",0,0
"93",1113108,1736,9,4,36,2.4285714286,6.5,15.7971428571,9,0,2,1,1,14,0.2142857143,"real",-0.9,1
"94",12616790,61,36,23,25,2.1578947368,18,17.2831578947,8,0,1,0,1,19,0.0526315789,"real",0,0
"95",7041608,4594,82,24,40,2.2777777778,17,18.3077777778,8,0,1,0,1,18,0.1111111111,"real",0,0.125
"96",4265003,518,28,10,27,1.9523809524,20,15.6380952381,5,0,1,0,1,21,0.0476190476,"real",0,0
"97",7041608,4594,60,13,48,2.8235294118,16,24.3576470588,10,0,1,0,1,17,0,"real",0.357142857142857,0.571428571428571
"98",12616791,61,22,2,40,1.5909090909,21,11.7627272727,4,0,1,0,1,22,0.0909090909,"real",0,0
"99",831684,176,21,5,42,3,11,24.49,5,0,1,0,1,12,0.0833333333,"real",0,0
"100",12616790,61,44,12,41,2.1666666667,17,16.9966666667,9,0,1,0,1,18,0.3333333333,"real",0.03125,0.375
"101",7041608,4594,35,9,40,2.1,19,16.99,7,0,1,0,1,20,0,"real",0,0.25
"102",210973,263,10,11,19,2.2272727273,22,19.2718181818,6,0,1,0,1,22,0.0454545455,"real",0,0
"103",831684,176,14,2,33,2.1111111111,8.5,12.8311111111,6,0,2,1,1,18,0.1666666667,"real",0.7,0.9
"104",1113108,1736,13,6,31,1.7777777778,8.5,8.8977777778,8,0,2,1,1,18,0.0555555556,"real",0,0
"105",1113108,1736,13,1,44,1.6666666667,8.5,7.5866666667,6,0,2,1,1,18,0.2777777778,"real",-0.15,0.366666666666667
"106",1113108,1736,29,7,38,1.4444444444,4,3.2094444444,1,0,2,2,1,9,0.3333333333,"real",0.166666666666667,0.166666666666667
"107",210973,263,0,293,67,2.25,7,14.08,3,0,1,1,1,8,0,"real",0,0
"108",1113108,1736,4,1,22,2.1428571429,4.3333333333,11.5157142857,4,0,3,3,1,14,0,"real",0,0
"109",12616688,61,36,19,38,2.05,10,12.5,6,0,2,1,1,20,0.1,"real",0.25,0.5
"110",26341733,71,2181,1730,21,2.7777777778,8,20.6977777778,5,0,1,1,1,9,0.1111111111,"real",0,0
"111",1113109,1736,9,2,21,1.6,4.5,5.24,2,0,2,1,1,10,0.1,"real",0.7,0.9
"112",210973,263,1,2,24,2.2,9,14.27,4,0,1,0,1,10,0,"real",0,0
"113",1113108,1736,20,6,10,1.8888888889,8,10.2088888889,4,0,1,1,1,9,0.1111111111,"real",0,0
"114",831684,176,25,7,42,2.2380952381,20,19.0095238095,7,0,1,0,1,21,0.0476190476,"real",-0.314285714285714,0.69047619047619
"115",7041608,4594,66,17,50,2.0625,15,14.9875,7,0,1,0,1,16,125,"real",0.333333333333333,0.427777777777778
"116",831684,176,21,4,40,2.6666666667,8,19.3866666667,3,0,1,1,1,9,0,"real",0.166666666666667,0.383333333333333
"117",4265003,518,194,68,28,2.1363636364,21,18.1990909091,5,0,1,0,1,22,0.1363636364,"real",-0.8,1
"118",12616790,61,33,11,50,2.4736842105,6.3333333333,16.0694736842,8,0,3,2,1,19,0.2105263158,"real",0,0.25
"119",7041608,4594,64,21,37,2.15,19,17.58,7,0,1,0,1,20,0.05,"real",0,0.1
"120",210973,263,0,108,71,1.9285714286,6.5,9.8971428571,4,0,2,1,1,14,0.1428571429,"real",0,0
"121",7041608,4594,346,124,43,2.1578947368,18,17.2831578947,8,0,1,0,1,19,0.1052631579,"real",-0.8,1
"122",12616688,61,24,2,36,2.35,19,19.94,7,0,1,0,1,20,0,"real",0,0.1
"123",428739,852,4,3,34,1.2857142857,6,2.3114285714,3,0,1,1,1,7,0.2857142857,"real",0.75,0.95
"124",12616790,61,19,9,41,1.9523809524,7,10.1780952381,7,0,3,2,1,21,0.0476190476,"real",0,0.4
"125",4265003,518,81,14,30,1.9444444444,17,14.3744444444,8,0,1,0,1,18,0.0555555556,"real",0,0
"126",1113108,1736,14,2,26,1.6,7,6215,3,0,2,0,1,15,0,"real",0,0
"127",4265003,518,50,9,21,1.9047619048,20,15.0761904762,7,0,1,0,1,21,0.0952380952,"real",0,0
"128",210973,263,15,19,20,1.5833333333,11,7.7733333333,3,0,1,0,1,12,0.0833333333,"real",0,0
"129",1113108,1736,14,3,20,1.5555555556,8.5,6.2755555556,2,0,2,0,1,18,0,"real",0.35,0.65
"130",210973,263,0,6,17,1.7272727273,10,9.0818181818,3,0,1,0,1,11,0.0909090909,"real",0,0
"131",7041608,4594,59,6,46,1.8,14,11.5,8,0,1,0,1,15,0.0666666667,"real",0.5,0.5
"132",428743,852,12,1,36,2,7.5,11.13,6,0,2,0,1,16,0.0625,"real",0,0.0791666666666667
"133",26341731,71,186,81,25,1.9,4.5,8.78,3,0,2,0,1,10,0.1,"real",0,0
"134",831684,176,0,8,37,1.9,19,14.63,8,0,1,0,1,20,0,"real",0,0
"135",1113108,1736,35,11,25,1.9375,15,13.5125,8,0,1,0,1,16,0.0625,"real",0,0
"136",210973,263,10,6,18,2.4285714286,6,15.7971428571,3,0,1,1,1,7,0.1428571429,"real",0,0
"137",1113108,1736,10,5,24,1.7619047619,10,9.2954761905,5,0,2,1,1,21,0.0476190476,"real",0,0
"138",1113108,1736,3,3,13,2,6.5,10.74,7,0,2,1,1,14,0.1428571429,"real",0,0
"139",12616791,61,29,4,47,2.1363636364,21,18.1990909091,7,0,1,0,1,22,0.0454545455,"real",0,0.75
"140",1113108,1736,10,0,15,2.3846153846,4,14.2384615385,5,0,3,3,2,13,0,"real",-0.2,0.2
"141",1113108,1736,15,6,23,1.6666666667,5.5,6.4166666667,4,0,2,1,1,12,0.0833333333,"real",0,0
"142",12616790,61,121,51,44,1.9473684211,18,14.7989473684,8,0,1,0,1,19,0.0526315789,"real",0.1,0.15
"143",4265003,518,36,10,45,2,18,15.42,7,0,1,0,1,19,0.1052631579,"real",0,0
"144",210973,263,3,11,23,1.7777777778,8,8.8977777778,3,0,1,1,1,9,0.1111111111,"real",0,0
"145",428743,852,35,4,39,2.0869565217,11.5,13.5210869565,8,0,2,1,0,23,0.0869565217,"real",0,0
"146",7041608,4594,97,37,31,2.5333333333,7,17.2283333333,8,0,2,1,1,15,0.0666666667,"real",0,1
"147",1113108,1736,6,6,44,1.75,3.5,6.62,3,0,2,1,1,8,125,"real",0,0
"148",210973,263,3,3,18,1.8,9,9.55,3,0,1,0,1,10,0,"real",0,0
"149",26341736,71,3497,2650,17,2.7777777778,8,20.6977777778,5,0,1,1,1,9,0.1111111111,"real",0,0
"150",831684,176,39,15,37,2.25,19,18.76,7,0,1,0,1,20,0.1,"real",0,0.166666666666667
"151",12616790,61,104,40,20,1.95,19,15.22,7,0,1,0,1,20,0.15,"real",0.1,0.383333333333333
"152",210973,263,4,8,17,1.8888888889,8,10.2088888889,2,0,1,1,1,9,0,"real",0,0
"153",7041608,4594,248,138,40,1.95,19,15.22,8,0,1,0,1,20,0,"real",0.5,0.5
"154",831684,176,18,5,37,2.4444444444,17,20.2744444444,11,0,1,0,1,18,0.1666666667,"real",0,0
"155",210973,263,5,5,22,2875,7,21455,4,0,1,1,1,8,125,"real",0,0
"156",4265003,518,25,9,39,2.4117647059,16,19.4988235294,10,0,1,0,1,17,0.0588235294,"real",0,0
"157",831684,176,0,145,32,2.2857142857,20,19.5714285714,9,0,1,0,1,21,0.0476190476,"real",0,0
"158",831684,176,35,12,15,2.05,19,16.4,9,0,1,0,1,20,0,"real",0,0
"159",4265003,518,16,1,48,2.1904761905,7.3333333333,12.9876190476,8,0,3,1,1,21,0.0952380952,"real",0,0
"160",831684,176,24,5,47,2.7368421053,5,18.5572368421,9,0,4,3,1,19,0.1052631579,"real",0.5,0.5
"161",4265003,518,34,11,37,3,10,24.1,5,0,1,0,1,11,0,"real",0,0
"162",1113108,1736,6,1,36,2.75,3.5,18.42,4,0,2,2,1,8,0,"real",0,0.3
"163",1113108,1736,7,4,18,2,7,11.13,4,0,1,1,1,8,0,"real",0,0
"164",1113108,1736,0,36,31,2,18,15.42,7,0,1,0,1,19,0.0526315789,"real",0,0
"165",831685,176,23,3,35,2.4444444444,17,20.2744444444,9,0,1,0,1,18,0.0555555556,"real",0,0
"166",26341734,71,4037,4042,17,2.25,11,15.64,5,0,1,0,1,12,0.1666666667,"real",0,0
"167",1113108,1736,27,4,47,2.2727272727,5,13.3731818182,7,0,2,1,1,11,0.1818181818,"real",-0.0777777777777778,0.206944444444444
"168",1113108,1736,7,0,12,2.05,19,16.4,9,0,1,0,1,20,0.05,"real",0,0
"169",1113108,1736,22,4,22,1.9090909091,21,15.5172727273,5,0,1,0,1,22,0.0909090909,"real",0,0
"170",4265003,518,35,14,34,2.8333333333,9,21.3533333333,7,0,2,1,1,18,0.1111111111,"real",0.05,0.191666666666667
"171",12616790,61,10,6,32,1.9375,15,13.5125,8,0,1,0,1,16,0.0625,"real",-0.308333333333333,0.791666666666667
"172",4265003,518,82,11,44,1.85,19,14.04,8,0,1,0,1,20,0,"real",0.25,0.575
"173",1113108,1736,26,13,36,2.3684210526,6.3333333333,14.8273684211,7,0,3,2,1,19,0.1052631579,"real",0,0.1
"174",12616791,61,27,8,30,2.3076923077,4,13.3307692308,5,0,3,3,2,13,0.0769230769,"real",-0.2,0.4
"175",428743,852,4,0,29,2,20,16.2,8,0,1,0,1,21,0,"real",-0.25,0.616666666666667
"176",7041608,4594,66,12,39,2,8,11.91,3,0,1,1,2,10,0.1,"real",-0.1,0.1
"177",428739,852,5,1,40,2.2222222222,8.5,14.1422222222,7,0,2,1,1,18,0.1111111111,"real",0.357142857142857,0.571428571428571
"178",1113108,1736,7,1,30,1875,6,9655,3,0,1,1,2,8,0,"real",-0.4,0.625
"179",7041608,4594,36,10,58,1.6315789474,9,7.3676315789,6,0,2,1,1,19,0.1052631579,"real",0,0
"180",26341736,71,805,332,22,1.9090909091,10,11.2272727273,4,0,1,0,1,11,0.0909090909,"real",0,0.1
"181",7041608,4594,35,5,51,1.8235294118,8,9.2426470588,7,0,2,1,1,17,0.0588235294,"real",-0.1,0.1
"182",831684,176,32,4,44,2.1052631579,9,12.9571052632,8,0,2,1,1,19,0.2105263158,"real",0.4,0.6
"183",1588946,490,7,1,41,3.2666666667,7,25.8816666667,7,0,2,0,1,15,0,"real",-0.1,0.2
"184",428743,852,2,1,44,2.1052631579,18,16.6621052632,9,0,1,0,1,19,0.1052631579,"real",0.0333333333333333,0.0333333333333333
"185",7041608,4594,42,17,33,1.9583333333,23,16.8783333333,6,0,1,0,1,24,0,"real",0,0
"186",210973,263,9,10,15,1.5454545455,10,6.9363636364,3,0,1,0,1,11,0.1818181818,"real",0,0
"187",7041608,4594,73,18,36,2.5294117647,16,20.8870588235,9,0,1,0,1,17,0.1176470588,"real",0,0.2
"188",428743,852,5,2,44,2.6111111111,17,22.2411111111,11,0,1,0,1,18,0,"real",0.411111111111111,0.494444444444444
"189",7041608,4594,55,20,39,2.2,7,13295,6,0,2,1,1,15,0.2,"real",0,0
"190",1113108,1736,11,4,47,1.6666666667,8,7.5866666667,2,0,1,1,1,9,0,"real",0,0
"191",210973,263,1,5,22,1.7142857143,13,10.0985714286,2,0,1,0,1,14,0.0714285714,"real",0,0
"192",428743,852,5,1,52,2.2105263158,18,17.9042105263,10,0,1,0,1,19,0.1052631579,"real",0,0
"193",1113108,1736,5,4,24,1.9090909091,5,9.0822727273,3,0,2,1,1,11,0,"real",0,0.75
"194",4265003,518,39,6,39,2.1052631579,18,16.6621052632,9,0,1,0,1,19,0.1052631579,"real",0,0.1
"195",1113108,1736,14,2,19,2.1538461538,6,12.3603846154,4,0,2,0,1,13,0.1538461538,"real",0,0
"196",4265003,518,39,14,36,1.7083333333,23,13.9283333333,5,0,1,0,1,24,0.0416666667,"real",0,0
"197",4265003,518,57,9,44,2.2631578947,18,18.5252631579,9,0,1,0,1,19,0,"real",0,0
"198",428743,852,19,1,30,2.1052631579,9,12.9571052632,7,0,2,1,1,19,0.2105263158,"real",0.1,0.2
"199",12616791,61,18,3,52,2.3636363636,11,16.5909090909,8,0,2,0,1,22,0.1818181818,"real",0.0333333333333333,0.0666666666666667
"200",4265003,518,91,29,37,2.0526315789,18,16.0410526316,9,0,1,0,1,19,0.1578947368,"real",-0.275,0.75
"201",4265003,518,33,7,40,1.9411764706,4,8.9733823529,4,0,4,2,1,17,0,"real",0.25,0.25
"202",12616790,61,82,25,13,2.2727272727,9,15.5181818182,5,0,1,0,2,11,0.0909090909,"real",0.136363636363636,0.5
"203",1113108,1736,75,27,37,1.5333333333,7,5.4283333333,3,0,2,1,1,15,0.3333333333,"real",0,0
"204",4265003,518,17,6,30,2.3157894737,18,19.1463157895,7,0,1,0,1,19,0.1052631579,"real",0,0.25
"205",7041608,4594,290,71,35,2.0476190476,20,16.7619047619,8,0,1,0,1,21,0.0476190476,"real",0,0
"206",12616790,61,172,49,45,2.4444444444,8.5,16.7644444444,10,0,2,1,1,18,0.2777777778,"real",0,0
"207",428743,852,25,12,21,2.0833333333,5,11.3333333333,6,0,2,2,2,12,0.0833333333,"real",0,0
"208",1113108,1736,15,0,33,2.2727272727,7.6666666667,14.0881818182,7,0,3,2,1,22,0,"real",-0.15,0.75
"209",4265003,518,19,6,37,2.5,8.5,17.42,8,0,2,0,1,18,0.0555555556,"real",0,0.25
"210",1113108,1736,20,6,12,2.6,4.5,17.04,5,0,2,2,1,10,0,"real",0.5,0.6
"211",1113108,1736,6,1,28,1.9285714286,13,12.6271428571,6,0,1,0,1,14,0.0714285714,"real",0,0
"212",1113108,1736,18,8,40,1.9166666667,6,9.3666666667,3,0,2,1,1,12,0,"real",0,0
"213",1113108,1736,17,3,22,2.3333333333,11,16.6233333333,6,0,1,0,1,12,0.0833333333,"real",-0.3,0.6
"214",428743,852,14,5,20,2.8181818182,10,21.9545454545,5,0,1,0,1,11,0,"real",0.5,0.5
"215",12616790,61,63,22,43,2.1666666667,17,16.9966666667,9,0,1,0,1,18,0.1666666667,"real",-0.075,0.45
"216",1113108,1736,13,2,15,2.0588235294,15,15.3341176471,6,0,1,0,2,17,0.1176470588,"real",0,0
"217",12616790,61,345,87,40,1.75,23,14.42,6,0,1,0,1,24,0,"real",0,0
"218",210973,263,18,15,19,1.8571428571,6,9.0542857143,2,0,1,1,1,7,0,"real",0.0625,0.5
"219",4265003,518,85,16,31,2.25,19,18.76,7,0,1,0,1,20,0,"real",0.7,0.9
"220",7041608,4594,208,78,23,2.6315789474,18,22.8726315789,8,0,1,0,1,19,0.1578947368,"real",-0.0625,0.3125
"221",831684,176,23,2,26,2.0952380952,20,17.3238095238,6,0,1,0,1,21,0.0476190476,"real",0.2,0.2
"222",1113108,1736,14,1,33,1.9,10,10.73,1,0,2,1,1,20,0.1,"real",0,0
"223",26341734,71,609,479,50,2,9,11.91,3,0,1,0,1,10,0.1,"real",-0.4,0.9
"224",12616790,61,44,12,38,2.5789473684,18,22.2515789474,8,0,1,0,1,19,0.0526315789,"real",0.216666666666667,0.616666666666667
"225",7041608,4594,59,19,32,2.75,15,23.1,8,0,1,0,1,16,125,"real",0,0
"226",428743,852,11,1,21,2,18,15.42,9,0,1,0,1,19,0.0526315789,"real",0.35,0.55
"227",4265003,518,58,18,47,2.3333333333,4,13.6983333333,3,0,2,2,1,9,0.2222222222,"real",0,0
"228",7041608,4594,115,21,37,2.15,19,17.58,8,0,1,0,1,20,0.15,"real",0.216666666666667,0.416666666666667
"229",831684,176,21,5,37,2.8,20,25.25,11,0,1,0,0,20,0.15,"real",0.216666666666667,0.416666666666667
"230",831684,176,38,7,47,1.8947368421,18,14.1778947368,10,0,1,0,1,19,0.0526315789,"real",0,0.1
"231",210973,263,8,6,17,2.2,9,14.27,3,0,1,0,1,10,0.1,"real",0.125,0.166666666666667
"232",1113108,1736,18,10,50,1.8421052632,9,9.8518421053,5,0,2,1,1,19,0.1052631579,"real",-0.4,0.55
"233",831684,176,12,0,26,2.6363636364,10,19.8090909091,6,0,1,0,1,11,0.0909090909,"real",0,0
"234",4265003,518,45,17,44,2.0909090909,5,11.2277272727,3,0,2,0,1,11,0,"real",0,0
"235",428743,852,14,0,44,2.2352941176,8,14.1014705882,7,0,2,1,1,17,0,"real",-0.125,0.375
"236",1113108,1736,14,2,19,2.15,9.5,13.68,8,0,2,1,1,20,0.05,"real",0,0
"237",1113108,1736,10,4,21,1.3333333333,4,1.8983333333,1,0,2,1,1,9,0,"real",0,0.25
"238",4265003,518,28,7,45,1.8571428571,20,14.5142857143,6,0,1,0,1,21,0.0952380952,"real",0,0
"239",7041608,4594,246,53,49,2.5555555556,17,21.5855555556,10,0,1,0,1,18,0.1111111111,"real",0,0
"240",4265003,518,73,21,21,2,20,16.2,8,0,1,0,1,21,0.0952380952,"real",-0.2,0.2
"241",4265003,518,16,6,43,2.35,19,19.94,9,0,1,0,1,20,0.1,"real",0.5,0.5
"242",4265003,518,16,6,34,2.1176470588,8,12.7132352941,8,0,2,1,1,17,0.1764705882,"real",0.175,0.275
"243",831684,176,34,9,42,2.7058823529,8,19.6544117647,6,0,2,1,1,17,0.1176470588,"real",0.178571428571429,0.285714285714286
"244",7041608,4594,155,44,35,1.7857142857,6.5,8.2114285714,5,0,2,1,1,14,0.0714285714,"real",0.25,0.5
"245",4265003,518,34,7,40,2.3157894737,18,19.1463157895,6,0,1,0,1,19,0.0526315789,"real",0,0
"246",1113108,1736,11,3,44,2.0769230769,6,11.4526923077,5,0,2,0,1,13,0.0769230769,"real",0.0625,0.3125
"247",12616790,61,20,5,27,2.4117647059,16,19.4988235294,11,0,1,0,1,17,0,"real",0,0
"248",7041608,4594,129,63,43,2.3529411765,16,18.8047058824,7,0,1,0,1,17,0.0588235294,"real",-0.6,0.9
"249",7041608,4594,125,45,31,2.3529411765,8,15.4897058824,9,0,2,1,1,17,0,"real",0.5,1
"250",4265003,518,53,8,46,1.9,19,14.63,7,0,1,0,1,20,0,"real",-0.155555555555556,0.288888888888889
"251",1113108,1736,10,5,38,2.7058823529,16,22.9694117647,9,0,1,0,1,17,0.1176470588,"real",-0.155555555555556,0.555555555555555
"252",12616791,61,30,14,37,2.1764705882,16,16.7223529412,8,0,1,0,1,17,0.2941176471,"real",0.75,0.95
"253",4265003,518,28,9,38,3.0909090909,10,25.1727272727,7,0,1,0,1,11,0.0909090909,"real",0.05,0.625
"254",1113108,1736,14,1,25,2,10,12.69,5,0,1,0,2,12,0.0833333333,"real",0.25,0.55
"255",428743,852,7,1,49,1.8181818182,10.5,10.1545454545,6,0,2,1,1,22,0.0909090909,"real",-0.435714285714286,0.607142857142857
"256",1113108,1736,7,2,27,1.75,3.5,6.62,2,0,2,2,1,8,0,"real",0,0.25
"257",210973,263,1,1,22,2.4545454545,10,17.6636363636,6,0,1,0,1,11,0.0909090909,"real",0,0
"258",210973,263,11,8,18,1.9,9,10.73,5,0,1,0,1,10,0.1,"real",0,0
"259",428743,852,0,0,42,1.7,19,12.27,8,0,1,0,1,20,0,"real",0.5,0.5
"260",7041608,4594,86,16,48,2.3157894737,18,19.1463157895,9,0,1,0,1,19,0.0526315789,"real",0.00666666666666667,0.0333333333333333
"261",428739,852,1,2,38,1.4,9,4.83,0,0,1,0,1,10,0,"real",0.357142857142857,0.571428571428571
"262",428743,852,3,1,41,2.1428571429,6.5,12.4257142857,8,0,2,1,1,14,0.1428571429,"real",0.35,0.65
"263",1113109,1736,18,2,14,1.8,4.5,7.6,2,0,2,0,1,10,0.1,"real",0,0
"264",831684,176,44,17,42,2.0869565217,7.3333333333,12.0260869565,5,0,3,2,1,23,0.1739130435,"real",0,0
"265",1113108,1736,6,1,18,2.2352941176,8,14.1014705882,9,0,2,0,1,17,0.1176470588,"real",0,0.1
"266",7041608,4594,54,17,43,1.8461538462,12,11.2646153846,5,0,1,0,1,13,0,"real",0,0
"267",1113108,1736,4,1,32,1.6666666667,13,9.9266666667,6,0,1,0,2,15,0.1333333333,"real",0,0
"268",428743,852,2,2,40,2.2,19,18.17,7,0,1,0,1,20,0.1,"real",0.0333333333333333,0.466666666666667
"269",26341731,71,652,236,23,1.7,9,8.37,3,0,1,0,1,10,0,"real",0,0.1
"270",7041608,4594,210,52,41,2.1333333333,7,12.5083333333,6,0,2,1,1,15,0,"real",0.8,1
"271",12616790,61,25,18,41,2.2777777778,17,18.3077777778,10,0,1,0,1,18,0.1666666667,"real",0.0333333333333333,0.127777777777778
"272",12616790,61,30,10,42,2.3888888889,8.5,16.1088888889,10,0,2,1,1,18,0.1111111111,"real",0,0
"2095",3,6,0,0,33,3,10,24.1,2,0,1,0,1,11,0.2727272727,"fake",0.1375,0.258333333333333
"2096",3,6,0,0,30,3,9,23.71,4,0,1,0,1,10,0.1,"fake",-0.0777777777777778,0.394444444444444
"2097",20,188,0,0,36,3,10,24.49,2,0,1,0,3,12,0,"fake",0,0
"2098",14708,11720,0,0,57,3,18,27.22,10,0,1,0,1,19,0,"fake",0,0
"2099",2,0,0,0,36,3,10,24.49,2,0,1,0,3,12,0,"fake",0,0
"2100",1,4,0,0,30,3,9,23.71,1,0,1,0,1,10,0,"fake",0,0
"2101",10,125,0,0,30,3,9,23.71,1,0,1,0,1,10,0,"fake",0,0
"2102",1,4,0,0,45,3,14,25.66,5,0,1,0,1,15,0.0666666667,"fake",0,0.25
"2103",9,178,0,0,45,3,14,25.66,8,0,1,0,1,15,0,"fake",0,0
"2104",10,125,0,0,36,3,12,24.49,4,0,1,0,0,12,0,"fake",0,0
"2105",3,27,0,0,33,3,10,24.1,2,0,1,0,1,11,0.2727272727,"fake",0.1375,0.258333333333333
"2106",11,101,0,0,30,3,9,23.71,1,0,1,0,1,10,0,"fake",0,0
"2107",1,0,0,0,45,3,14,25.66,8,0,1,0,1,15,0,"fake",0,0
"2108",1,0,0,0,45,3,14,25.66,8,0,1,0,1,15,0,"fake",0,0
"2109",1,6,0,0,36,3,10,24.49,2,0,1,0,3,12,0,"fake",0,0
"2110",1,4,0,0,36,3,11,24.49,7,0,1,0,1,12,0,"fake",0,0
"2111",1,6,0,0,30,3,9,23.71,4,0,1,0,1,10,0.1,"fake",-0.0777777777777778,0.394444444444444
"2112",2,0,0,0,45,3,14,25.66,8,0,1,0,1,15,0,"fake",0,0
"2113",1,6,0,0,33,3,10,24.1,2,0,1,0,1,11,0.2727272727,"fake",0.1375,0.258333333333333
"2114",4,9,0,0,45,3,14,25.66,8,0,1,0,1,15,0,"fake",0,0
"2115",1,4,0,0,36,3,10,24.49,2,0,1,0,3,12,0,"fake",0,0
"2116",1,0,0,0,30,3,9,23.71,1,0,1,0,1,10,0,"fake",0,0
"2117",1,4,0,0,45,3,14,25.66,8,0,1,0,1,15,0,"fake",0,0
"2118",1,53,0,0,30,3,9,23.71,1,0,1,0,1,10,0,"fake",0,0
"2119",3,0,0,0,36,3,10,24.49,2,0,1,0,3,12,0,"fake",0,0
"2120",17562,9050,0,0,18,3,3,20.98,1,0,2,2,0,6,0.1666666667,"fake",0.85,1
"2121",1,53,0,0,36,3,11,24.49,7,0,1,0,1,12,0,"fake",0,0
"2122",4,105,0,0,45,3,14,25.66,5,0,1,0,1,15,0.0666666667,"fake",0,0.25
"2123",2,4,0,0,36,3,11,24.49,7,0,1,0,1,12,0,"fake",0,0
"2124",10,125,0,0,30,3,9,23.71,4,0,1,0,1,10,0.1,"fake",-0.0777777777777778,0.394444444444444
"2125",2,0,0,0,45,3,14,25.66,8,0,1,0,1,15,0,"fake",0,0
"2126",10,125,0,0,45,3,14,25.66,8,0,1,0,1,15,0,"fake",0,0
"2127",1,0,0,0,30,3,9,23.71,4,0,1,0,1,10,0.1,"fake",-0.0777777777777778,0.394444444444444
"2128",14708,11720,0,0,36,3,10,24.49,6,0,1,0,2,12,0,"fake",0,0
"2129",1,0,0,0,30,3,9,23.71,4,0,1,0,1,10,0.1,"fake",-0.0777777777777778,0.394444444444444
"2130",17746,13,0,0,39,3.9,5,32.38,4,0,2,1,0,10,0.1,"fake",0.25,0.25
"2131",30304,6593,0,0,48,3,8,22.93,5,0,2,1,0,16,0.25,"fake",0.45,0.55
"2132",17746,13,2,0,33,3,2.75,20.8825,4,0,4,0,0,11,0.0909090909,"fake",0.9765625,0.888888888888889
"2133",11374,12476,0,0,150,3,12.5,24685,13,0,4,1,0,50,0.16,"fake",0.0958333333333333,0.4875
"2134",19503,220,0,0,39,3,13,24.88,4,0,1,0,0,13,0.1538461538,"fake",0,0
"2135",13349,11523,0,0,36,3,12,24.49,5,0,1,0,0,12,0.0833333333,"fake",-1,1
"2136",30304,6593,0,0,57,3,9.5,23515,4,0,2,1,0,19,0.0526315789,"fake",0,0
"2137",21024,8373,0,0,48,3,8,22.93,7,0,2,1,0,16,0.1875,"fake",-0.2,0
"2138",12033,10186,0,0,99,3,11,24.1,9,0,3,0,0,33,0.1515151515,"fake",0,0
"2139",14694,12192,0,0,42,3,13,25.27,3,0,1,0,1,14,0,"fake",0,0
"2140",1,4,0,0,45,3,14,25.66,8,0,1,0,1,15,0,"fake",0,0
"2141",3,6,0,0,45,3,14,25.66,5,0,1,0,1,15,0.0666666667,"fake",0,0.25
"2142",10,125,0,0,36,3,11,24.49,7,0,1,0,1,12,0,"fake",0,0
"2143",6,92,0,0,45,3,14,25.66,8,0,1,0,1,15,0,"fake",0,0
"2144",6,92,0,0,45,3,14,25.66,8,0,1,0,1,15,0,"fake",0,0
"2145",3,104,0,0,36,3,11,24.49,7,0,1,0,1,12,0,"fake",0,0
"2146",9,178,0,0,36,3,10,24.49,2,0,1,0,3,12,0,"fake",0,0
"2147",3,6,0,0,45,3,14,25.66,8,0,1,0,1,15,0,"fake",0,0
"2148",2,4,0,0,45,3,14,25.66,8,0,1,0,1,15,0,"fake",0,0
"2149",11,101,0,0,36,3,11,24.49,7,0,1,0,1,12,0,"fake",0,0
"2150",9,178,0,0,45,3,14,25.66,8,0,1,0,1,15,0,"fake",0,0
"2151",1,53,0,0,33,3,10,24.1,2,0,1,0,1,11,0.2727272727,"fake",0.1375,0.258333333333333
"2152",9,178,0,0,45,3,14,25.66,5,0,1,0,1,15,0.0666666667,"fake",0,0.25
"2153",1,53,0,0,45,3,14,25.66,5,0,1,0,1,15,0.0666666667,"fake",0,0.25
"2154",2,8,0,1,45,3,14,25.66,5,0,1,0,1,15,0.0666666667,"fake",0,0.25
"2155",1,6,0,0,30,3,9,23.71,1,0,1,0,1,10,0,"fake",0,0
"2156",10,125,0,0,45,3,14,25.66,8,0,1,0,1,15,0,"fake",0,0
"2157",20,188,0,0,36,3,11,24.49,7,0,1,0,1,12,0,"fake",0,0
"2158",11,101,0,0,45,3,14,25.66,8,0,1,0,1,15,0,"fake",0,0
"2159",1,0,0,0,36,3,11,24.49,7,0,1,0,1,12,0,"fake",0,0
"2160",20,188,0,0,45,3,14,25.66,8,0,1,0,1,15,0,"fake",0,0
"2161",14708,11720,0,0,33,3,10,24.1,4,0,1,0,1,11,0.0909090909,"fake",0,0
"2162",2,8,0,0,45,3,14,25.66,8,0,1,0,1,15,0,"fake",0,0
"2163",1,0,0,0,45,3,14,25.66,8,0,1,0,1,15,0,"fake",0,0
"2164",1,4,0,0,45,3,14,25.66,8,0,1,0,1,15,0,"fake",0,0
"2165",6,92,0,0,30,3,9,23.71,4,0,1,0,1,10,0.1,"fake",-0.0777777777777778,0.394444444444444
"2166",1,4,0,0,45,3,14,25.66,8,0,1,0,1,15,0,"fake",0,0
"2167",3,27,0,0,45,3,14,25.66,8,0,1,0,1,15,0,"fake",0,0
"2168",2,0,0,0,30,3,9,23.71,1,0,1,0,1,10,0,"fake",0,0
"2169",11,101,0,0,45,3,14,25.66,8,0,1,0,1,15,0,"fake",0,0
"2170",2,8,0,0,36,3,10,24.49,2,0,1,0,3,12,0,"fake",0,0
"2171",2,4,0,0,45,3,14,25.66,8,0,1,0,1,15,0,"fake",0,0
"2172",1,4,0,0,45,3,14,25.66,8,0,1,0,1,15,0,"fake",0,0
"2173",3,0,0,0,33,3,10,24.1,2,0,1,0,1,11,0.2727272727,"fake",0.1375,0.258333333333333
"2174",1,0,0,0,36,3,10,24.49,2,0,1,0,3,12,0,"fake",0,0
"2175",1,4,0,0,36,3,10,24.49,2,0,1,0,3,12,0,"fake",0,0
"2176",4,9,0,0,45,3,14,25.66,8,0,1,0,1,15,0,"fake",0,0
"2177",1,6,0,0,45,3,14,25.66,8,0,1,0,1,15,0,"fake",0,0
"2178",1,0,0,0,45,3,14,25.66,8,0,1,0,1,15,0,"fake",0,0
"2179",4,9,0,0,36,3,10,24.49,2,0,1,0,3,12,0,"fake",0,0
"2180",6,66,0,0,30,3,9,23.71,4,0,1,0,1,10,0.1,"fake",-0.0777777777777778,0.394444444444444
"2181",1,6,0,0,36,3,11,24.49,7,0,1,0,1,12,0,"fake",0,0
"2182",2,4,0,0,45,3,14,25.66,5,0,1,0,1,15,0.0666666667,"fake",0,0.25
"2183",1,4,0,0,33,3,10,24.1,2,0,1,0,1,11,0.2727272727,"fake",0.1375,0.258333333333333
"2184",3,6,0,0,30,3,9,23.71,1,0,1,0,1,10,0,"fake",0,0
"2185",14708,11720,0,0,51,2.6842105263,18,23.4936842105,12,0,1,0,1,19,0.1052631579,"fake",0,0
"2186",2,4,0,0,36,3,10,24.49,2,0,1,0,3,12,0,"fake",0,0
"2187",4,105,0,0,45,3,14,25.66,8,0,1,0,1,15,0,"fake",0,0
"2188",9,178,0,0,33,3,10,24.1,2,0,1,0,1,11,0.2727272727,"fake",0.1375,0.258333333333333
"2189",2,4,0,0,30,3,9,23.71,4,0,1,0,1,10,0.1,"fake",-0.0777777777777778,0.394444444444444
"2190",2,26,0,0,30,3,4.5,21.76,7,0,2,1,1,10,0.2,"fake",-0.5,1
"2191",4,9,0,0,45,3,14,25.66,8,0,1,0,1,15,0,"fake",0,0
"2192",6,92,0,0,33,3,10,24.1,2,0,1,0,1,11,0.2727272727,"fake",0.1375,0.258333333333333
"2193",11,101,0,0,45,3,14,25.66,8,0,1,0,1,15,0,"fake",0,0
"2194",1,6,0,0,45,3,14,25.66,8,0,1,0,1,15,0,"fake",0,0
"2195",9,178,0,0,30,3,9,23.71,4,0,1,0,1,10,0.1,"fake",-0.0777777777777778,0.394444444444444
"2196",14708,11720,1,0,33,3,10,24.1,3,0,1,0,1,11,0,"fake",0,0
"2197",2,8,0,0,45,3,14,25.66,8,0,1,0,1,15,0,"fake",0,0
"2198",1,4,0,1,30,3,9,23.71,1,0,1,0,1,10,0,"fake",0,0
"2199",1,4,0,0,45,3,14,25.66,8,0,1,0,1,15,0,"fake",0,0
"2200",4,105,0,0,45,3,14,25.66,8,0,1,0,1,15,0,"fake",0,0
"2201",10,125,0,0,36,3,10,24.49,2,0,1,0,3,12,0,"fake",0,0
"2202",2,0,0,0,33,3,10,24.1,2,0,1,0,1,11,0.2727272727,"fake",0.1375,0.258333333333333
"2203",10,125,0,0,45,3,14,25.66,5,0,1,0,1,15,0.0666666667,"fake",0,0.25
"2204",2,4,0,0,30,3,9,23.71,1,0,1,0,1,10,0,"fake",0,0
"2205",4,9,0,1,30,3,9,23.71,4,0,1,0,1,10,0.1,"fake",-0.0777777777777778,0.394444444444444
"2206",1,0,0,0,30,3,9,23.71,1,0,1,0,1,10,0,"fake",0,0
"2207",4,105,0,0,36,3,11,24.49,7,0,1,0,1,12,0,"fake",0,0
"2208",11,101,0,0,36,3,10,24.49,2,0,1,0,3,12,0,"fake",0,0
"2209",1,0,0,0,45,3,14,25.66,8,0,1,0,1,15,0,"fake",0,0
"2210",9,178,0,0,36,3,11,24.49,7,0,1,0,1,12,0,"fake",0,0
"2211",4,9,0,0,33,3,10,24.1,2,0,1,0,1,11,0.2727272727,"fake",0.1375,0.258333333333333
"2212",3,0,0,0,45,3,14,25.66,5,0,1,0,1,15,0.0666666667,"fake",0,0.25
"2213",3,27,0,0,36,3,11,24.49,7,0,1,0,1,12,0,"fake",0,0
"2214",1,0,0,0,33,3,10,24.1,2,0,1,0,1,11,0.2727272727,"fake",0.1375,0.258333333333333
"2215",14708,11720,0,0,40,2.8571428571,13,23.5842857143,6,0,1,0,1,14,0.1428571429,"fake",0.4,0.5
"2216",20,188,0,0,45,3,14,25.66,8,0,1,0,1,15,0,"fake",0,0
"2217",3,27,0,0,45,3,14,25.66,8,0,1,0,1,15,0,"fake",0,0
"2218",3,104,0,0,45,3,14,25.66,8,0,1,0,1,15,0,"fake",0,0
"2219",4,105,0,0,45,3,14,25.66,8,0,1,0,1,15,0,"fake",0,0
"2220",1,0,0,0,36,3,11,24.49,7,0,1,0,1,12,0,"fake",0,0
"2221",20,188,0,0,45,3,14,25.66,8,0,1,0,1,15,0,"fake",0,0
"2222",9,178,0,0,30,3,9,23.71,1,0,1,0,1,10,0,"fake",0,0
"2223",3,104,0,0,33,3,10,24.1,2,0,1,0,1,11,0.2727272727,"fake",0.1375,0.258333333333333
"2224",1,53,0,0,45,3,14,25.66,8,0,1,0,1,15,0,"fake",0,0
"2225",3,104,0,0,30,3,9,23.71,1,0,1,0,1,10,0,"fake",0,0
"2226",2,4,0,0,45,3,14,25.66,8,0,1,0,1,15,0,"fake",0,0
"2227",2,0,0,0,33,3,10,24.1,2,0,1,0,1,11,0.2727272727,"fake",0.1375,0.258333333333333
"2228",11,101,0,0,30,3,9,23.71,4,0,1,0,1,10,0.1,"fake",-0.0777777777777778,0.394444444444444
"2229",3,27,0,0,45,3,14,25.66,5,0,1,0,1,15,0.0666666667,"fake",0,0.25
"2230",2,8,0,0,36,3,11,24.49,7,0,1,0,1,12,0,"fake",0,0
"2231",2,8,0,0,30,3,9,23.71,4,0,1,0,1,10,0.1,"fake",-0.0777777777777778,0.394444444444444
"2232",11,101,0,0,45,3,14,25.66,8,0,1,0,1,15,0,"fake",0,0
"2233",20,188,0,0,30,3,9,23.71,4,0,1,0,1,10,0.1,"fake",-0.0777777777777778,0.394444444444444
"2234",3,6,0,0,36,3,11,24.49,7,0,1,0,1,12,0,"fake",0,0
"2235",1,4,0,0,45,3,14,25.66,5,0,1,0,1,15,0.0666666667,"fake",0,0.25
"2236",3,104,0,0,45,3,14,25.66,8,0,1,0,1,15,0,"fake",0,0
"2237",10,125,0,0,33,3,10,24.1,2,0,1,0,1,11,0.2727272727,"fake",0.1375,0.258333333333333
"2238",20,188,0,0,45,3,14,25.66,5,0,1,0,1,15,0.0666666667,"fake",0,0.25
"2239",2,8,0,0,33,3,10,24.1,2,0,1,0,1,11,0.2727272727,"fake",0.1375,0.258333333333333
"2240",17562,9050,0,0,66,3,7.3333333333,22.67,5,0,3,1,0,22,0.1818181818,"fake",0.3,0.75
"2241",4,9,0,0,45,3,14,25.66,8,0,1,0,1,15,0,"fake",0,0
"2242",1,53,0,0,45,3,14,25.66,8,0,1,0,1,15,0,"fake",0,0
"2243",3,104,0,0,36,3,10,24.49,2,0,1,0,3,12,0,"fake",0,0
"2244",3,27,0,0,30,3,9,23.71,1,0,1,0,1,10,0,"fake",0,0
"2245",1,0,0,0,45,3,14,25.66,5,0,1,0,1,15,0.0666666667,"fake",0,0.25
"2246",2,4,0,0,33,3,10,24.1,2,0,1,0,1,11,0.2727272727,"fake",0.1375,0.258333333333333
"2247",1,4,0,0,33,3,10,24.1,2,0,1,0,1,11,0.2727272727,"fake",0.1375,0.258333333333333
"2248",3,0,0,0,36,3,11,24.49,7,0,1,0,1,12,0,"fake",0,0
"2249",3,104,0,0,45,3,14,25.66,5,0,1,0,1,15,0.0666666667,"fake",0,0.25
"2250",4,105,0,0,30,3,9,23.71,4,0,1,0,1,10,0.1,"fake",-0.0777777777777778,0.394444444444444
"2251",4,9,0,0,45,3,14,25.66,5,0,1,0,1,15,0.0666666667,"fake",0,0.25
"2252",4,105,0,0,33,3,10,24.1,2,0,1,0,1,11,0.2727272727,"fake",0.1375,0.258333333333333
"2253",1,6,0,0,45,3,14,25.66,8,0,1,0,1,15,0,"fake",0,0
"2254",3,6,0,0,45,3,14,25.66,8,0,1,0,1,15,0,"fake",0,0
"2255",2,8,0,0,45,3,14,25.66,8,0,1,0,1,15,0,"fake",0,0
"2256",0,109,1,1,30,3,10,23.71,3,0,1,0,0,10,0,"fake",0,0
"2257",6,92,0,0,45,3,14,25.66,8,0,1,0,1,15,0,"fake",0,0
"2258",1,4,0,0,45,3,14,25.66,8,0,1,0,1,15,0,"fake",0,0
"2259",3,0,0,0,45,3,14,25.66,8,0,1,0,1,15,0,"fake",0,0
"2260",10,125,0,0,45,3,14,25.66,8,0,1,0,1,15,0,"fake",0,0
"2261",6,92,0,0,36,3,11,24.49,7,0,1,0,1,12,0,"fake",0,0
"2262",4,9,0,0,36,3,11,24.49,7,0,1,0,1,12,0,"fake",0,0
"2263",14708,11720,0,0,54,3,17,26.83,9,0,1,0,1,18,0.0555555556,"fake",0,0
"2264",2,8,0,0,30,3,9,23.71,1,0,1,0,1,10,0,"fake",0,0
"2265",1,6,0,0,45,3,14,25.66,8,0,1,0,1,15,0,"fake",0,0
"2266",1,0,0,0,45,3,14,25.66,8,0,1,0,1,15,0,"fake",0,0
"2267",1,4,0,0,30,3,9,23.71,4,0,1,0,1,10,0.1,"fake",-0.0777777777777778,0.394444444444444
"2268",2,8,0,0,45,3,14,25.66,8,0,1,0,1,15,0,"fake",0,0
"2269",14708,11720,0,0,40,2.8571428571,13,23.5842857143,6,0,1,0,1,14,0.1428571429,"fake",0.4,0.5
"2270",3,6,0,0,45,3,14,25.66,8,0,1,0,1,15,0,"fake",0,0
"2271",6,66,0,0,33,3,10,24.1,2,0,1,0,1,11,0.2727272727,"fake",0.1375,0.258333333333333
"2272",3,104,0,0,45,3,14,25.66,8,0,1,0,1,15,0,"fake",0,0
"2273",1,53,0,0,30,3,9,23.71,4,0,1,0,1,10,0.1,"fake",-0.0777777777777778,0.394444444444444
"2274",2,0,0,0,30,3,9,23.71,1,0,1,0,1,10,0,"fake",0,0
"2275",3,0,0,0,45,3,14,25.66,8,0,1,0,1,15,0,"fake",0,0
"2276",6,66,0,0,45,3,14,25.66,5,0,1,0,1,15,0.0666666667,"fake",0,0.25
"2277",11,101,0,0,33,3,10,24.1,2,0,1,0,1,11,0.2727272727,"fake",0.1375,0.258333333333333
"2278",3,0,0,0,45,3,14,25.66,8,0,1,0,1,15,0,"fake",0,0
"2279",20,188,0,0,30,3,9,23.71,1,0,1,0,1,10,0,"fake",0,0
"2280",3,27,0,0,36,3,10,24.49,2,0,1,0,3,12,0,"fake",0,0
"2281",1,53,0,0,45,3,14,25.66,8,0,1,0,1,15,0,"fake",0,0
"2282",2,26,1,0,72,3,7.6666666667,22.93,5,0,3,2,1,24,0.1666666667,"fake",-0.533333333333333,0.444444444444444
"2283",2,0,0,0,45,3,14,25.66,5,0,1,0,1,15,0.0666666667,"fake",0,0.25
"2284",20,188,0,0,33,3,10,24.1,2,0,1,0,1,11,0.2727272727,"fake",0.1375,0.258333333333333
"2285",1,53,0,0,36,3,10,24.49,2,0,1,0,3,12,0,"fake",0,0
"2286",1,4,0,0,30,3,9,23.71,4,0,1,0,1,10,0.1,"fake",-0.0777777777777778,0.394444444444444
"2287",2,0,0,0,30,3,9,23.71,4,0,1,0,1,10,0.1,"fake",-0.0777777777777778,0.394444444444444
"2288",1,4,0,0,45,3,14,25.66,8,0,1,0,1,15,0,"fake",0,0
"2289",3,6,0,0,36,3,10,24.49,2,0,1,0,3,12,0,"fake",0,0
"2290",1,4,0,0,33,3,10,24.1,2,0,1,0,1,11,0.2727272727,"fake",0.1375,0.258333333333333
"2291",6,92,0,0,36,3,12,24.49,4,0,1,0,0,12,0,"fake",0,0
"2292",1,6,0,0,45,3,14,25.66,5,0,1,0,1,15,0.0666666667,"fake",0,0.25
"2293",1,4,0,0,36,3,11,24.49,7,0,1,0,1,12,0,"fake",0,0
"2294",1,0,0,0,45,3,14,25.66,8,0,1,0,1,15,0,"fake",0,0
"2295",3,104,0,0,45,3,14,25.66,8,0,1,0,1,15,0,"fake",0,0
"2296",6,92,0,0,36,3,10,24.49,2,0,1,0,3,12,0,"fake",0,0
"2297",4,105,0,0,30,3,9,23.71,1,0,1,0,1,10,0,"fake",0,0
"2298",1,0,0,0,45,3,14,25.66,8,0,1,0,1,15,0,"fake",0,0
"2299",6,92,0,0,45,3,14,25.66,5,0,1,0,1,15,0.0666666667,"fake",0,0.25
"2300",2,0,0,0,36,3,11,24.49,7,0,1,0,1,12,0,"fake",0,0
"2301",1,4,0,0,45,3,14,25.66,8,0,1,0,1,15,0,"fake",0,0
"2302",9,178,0,0,45,3,14,25.66,8,0,1,0,1,15,0,"fake",0,0
"2303",9,178,0,0,45,3,14,25.66,8,0,1,0,1,15,0,"fake",0,0
"2304",2,0,0,0,30,3,9,23.71,4,0,1,0,1,10,0.1,"fake",-0.0777777777777778,0.394444444444444
"2305",1,4,0,0,45,3,14,25.66,8,0,1,0,1,15,0,"fake",0,0
"2306",3,0,0,0,30,3,9,23.71,1,0,1,0,1,10,0,"fake",0,0
"2307",4,9,0,0,30,3,9,23.71,1,0,1,0,1,10,0,"fake",0,0
"2308",10,125,0,0,45,3,14,25.66,8,0,1,0,1,15,0,"fake",0,0
"2309",2,0,0,0,45,3,14,25.66,8,0,1,0,1,15,0,"fake",0,0
"2310",1,4,0,0,45,3,14,25.66,8,0,1,0,1,15,0,"fake",0,0
"2311",1,53,0,0,45,3,14,25.66,8,0,1,0,1,15,0,"fake",0,0
"2312",11,101,0,0,45,3,14,25.66,5,0,1,0,1,15,0.0666666667,"fake",0,0.25
"2313",1,4,0,0,36,3,11,24.49,7,0,1,0,1,12,0,"fake",0,0
"2314",1,0,0,0,36,3,10,24.49,2,0,1,0,3,12,0,"fake",0,0
"2315",4,105,0,0,45,3,14,25.66,8,0,1,0,1,15,0,"fake",0,0
"2316",2,4,0,0,45,3,14,25.66,8,0,1,0,1,15,0,"fake",0,0
"2317",2,0,0,0,45,3,14,25.66,5,0,1,0,1,15,0.0666666667,"fake",0,0.25
"2318",1,0,0,0,33,3,10,24.1,2,0,1,0,1,11,0.2727272727,"fake",0.1375,0.258333333333333
"2319",3,0,0,0,45,3,14,25.66,8,0,1,0,1,15,0,"fake",0,0
"2320",3,27,0,0,45,3,14,25.66,8,0,1,0,1,15,0,"fake",0,0
"2321",3,6,0,0,45,3,14,25.66,8,0,1,0,1,15,0,"fake",0,0
"2322",20,188,0,0,45,3,14,25.66,8,0,1,0,1,15,0,"fake",0,0
"2323",2,0,0,0,45,3,14,25.66,8,0,1,0,1,15,0,"fake",0,0
"2324",1,4,0,0,30,3,9,23.71,1,0,1,0,1,10,0,"fake",0,0
"2325",6,92,0,0,30,3,9,23.71,1,0,1,0,1,10,0,"fake",0,0
"2326",6,92,0,0,45,3,14,25.66,8,0,1,0,1,15,0,"fake",0,0
"2327",1,4,0,0,30,3,9,23.71,4,0,1,0,1,10,0.1,"fake",-0.0777777777777778,0.394444444444444
"2328",4,105,0,0,36,3,10,24.49,2,0,1,0,3,12,0,"fake",0,0
"2329",6,66,0,0,30,3,9,23.71,1,0,1,0,1,10,0,"fake",0,0
"2330",1,4,0,0,45,3,14,25.66,5,0,1,0,1,15,0.0666666667,"fake",0,0.25
"2331",1,4,0,0,36,3,10,24.49,2,0,1,0,3,12,0,"fake",0,0
"2332",1,0,0,0,45,3,14,25.66,5,0,1,0,1,15,0.0666666667,"fake",0,0.25
"2333",3,27,0,0,45,3,14,25.66,8,0,1,0,1,15,0,"fake",0,0
"2334",1,4,0,0,45,3,14,25.66,8,0,1,0,1,15,0,"fake",0,0
"2335",22551,66,0,0,159,3,10.6,23944,8,0,5,1,0,53,0.0754716981,"fake",0.0535714285714286,0.295238095238095
"2336",22551,66,0,0,90,3,10,23.71,6,0,3,1,0,30,0.1,"fake",0.4125,0.4
"2337",22551,66,2,0,90,3,10,23.71,7,0,3,1,0,30,0.2,"fake",0.2,0.3625
"2338",22551,66,1,0,138,3,15,25.79,15,1,3,1,1,46,0.1086956522,"fake",0.0166666666666667,0.377777777777778
"2339",10824,11269,42,66,42,3,14,25.27,5,0,1,0,1,14,0,"fake",0.25,0.75
"2340",14054,9377,0,0,36,3,10,24.49,2,0,1,0,2,12,0,"fake",0,0
"2341",14895,9883,0,0,96,3,16,26.05,14,1,2,1,0,32,0.09375,"fake",0.178571428571429,0.535714285714286
"2342",9040,2214,0,0,45,3,14,25.66,5,0,1,0,1,15,0.0666666667,"fake",0,0
"2343",14895,9883,125,131,108,3,8.75,23.32,9,1,4,1,1,36,0.1388888889,"fake",-0.55,0.741666666666667
"2344",13511,13909,0,0,51,3,16,26.44,5,0,1,0,1,17,0.0588235294,"fake",0,0
"2345",14895,9883,1,0,120,3,13,25.01,15,1,3,1,0,40,125,"fake",-0.0777777777777778,0.622222222222222
"2346",14054,9377,0,0,36,3,10,24.49,4,0,1,0,2,12,0.1666666667,"fake",0,0
"2347",14895,9883,640,713,141,3,12,24.3925,19,0,4,1,1,47,0.1489361702,"fake",0.1,0.833333333333333
"2348",9234,2463,0,0,60,3,9.5,23.71,8,0,2,3,1,20,0,"fake",0.25,0.75
"2349",14895,9883,0,0,42,3,13,25.27,6,0,1,0,1,14,0.0714285714,"fake",0,0.5
"2350",14054,9377,0,0,42,3,12,25.27,2,0,1,0,2,14,0,"fake",0,0
"2351",9234,2463,0,0,54,3,4.5,21565,8,0,4,5,1,18,0.0555555556,"fake",0.2,0.2
"2352",9040,2214,0,0,51,3,16,26.44,7,0,1,0,1,17,0,"fake",0,0
"2353",13511,13909,0,0,51,3,16,26.44,5,0,1,0,1,17,0.0588235294,"fake",0,0
"2354",14895,9883,0,0,27,3,8,23.32,3,0,1,1,1,9,0,"fake",0,0
"2355",14895,9883,0,0,36,3,11,24.49,7,0,1,0,1,12,0,"fake",-0.222222222222222,0.711111111111111
"2356",9040,2214,0,0,42,3,13,25.27,6,0,1,0,1,14,0,"fake",0,0
"2357",14895,9883,0,0,105,3,17.5,26635,14,1,2,1,0,35,0.1142857143,"fake",-0.0446428571428571,0.385
"2358",14895,9883,587,647,69,3,7.3333333333,22.8,3,0,3,1,1,23,0.0434782609,"fake",0,0
"2359",14054,9377,0,0,27,3,7,23.32,0,0,1,1,2,9,0,"fake",0,0
"2360",14895,9883,0,0,102,3,17,26.44,15,1,2,1,0,34,0.1176470588,"fake",0.0216666666666667,0.301666666666667
"2361",14895,9883,4,0,120,3,19.5,27.61,19,1,2,1,1,40,0.05,"fake",0,0
"2362",14895,9883,6,1,99,3,10.6666666667,24.1,12,0,3,1,1,33,0.1818181818,"fake",0.358333333333333,0.61875
"2363",14895,9883,0,0,63,3,10.5,23905,6,0,2,1,0,21,0.1428571429,"fake",0.35,0.9
"2364",4500,1215,0,0,42,3,13,25.27,1,0,1,0,1,14,0,"fake",-0.155555555555556,0.288888888888889
"2365",14895,9883,1,0,102,3,11.3333333333,24.23,9,0,3,1,0,34,0.0882352941,"fake",0.05,0.55
"2366",14895,9883,0,0,102,3,16.5,26.44,11,1,2,1,1,34,0.1470588235,"fake",-0.111111111111111,0.222222222222222
